region,bracket,guid,name,server,faction,class,spec,race,rating,ranking,wins,losses,winrate
EU,2v2,57348579,Petràxs,Spineshatter,Horde,,,,3080,1,330,117,74
EU,2v2,51863649,Mirok,Spineshatter,Horde,Druid,Restoration,Tauren,3072,4,174,44,80
EU,2v2,54841160,Spòttman,Spineshatter,Horde,,,,2998,12,859,539,61
EU,2v2,61175170,Enlightmee,Spineshatter,Alliance,Priest,Discipline,Dwarf,2980,14,659,355,65
US,2v2,73986941,Cripton,Nightslayer,Alliance,Mage,Frost,Gnome,2973,1,1211,815,60
EU,2v2,55440603,Qòxéq,Spineshatter,Horde,Priest,Discipline,Undead,2966,15,2983,2354,56
EU,2v2,65545406,Ronchonx,Spineshatter,Horde,Priest,Discipline,Undead,2955,19,308,174,64
EU,2v2,54411851,Powérmust,Spineshatter,Horde,Rogue,Subtlety,Undead,2948,24,292,167,64
EU,2v2,53549629,Powêrmust,Spineshatter,Horde,Rogue,Subtlety,Undead,2945,27,343,230,60
EU,2v2,55898652,Djcat,Spineshatter,Alliance,Priest,Discipline,Dwarf,2943,30,168,99,63
EU,2v2,42919725,Crtxd,Spineshatter,Alliance,Paladin,Holy,Dwarf,2937,35,190,123,61
EU,2v2,47466572,Valantain,Spineshatter,Horde,Rogue,Subtlety,Undead,2934,36,256,137,65
EU,2v2,49425721,Dikzyzquad,Spineshatter,Alliance,Warlock,Demonology,Human,2933,40,196,108,64
EU,2v2,43196882,Æçsrb,Spineshatter,Horde,Warlock,Demonology,Undead,2931,49,212,197,52
EU,2v2,52303399,Powermustx,Spineshatter,Alliance,Rogue,Subtlety,Human,2926,67,532,390,58
EU,2v2,57682650,Neepzdruid,Spineshatter,Horde,Druid,Restoration,Tauren,2926,67,442,263,63
EU,2v2,46677314,Zulpí,Spineshatter,Alliance,Rogue,Subtlety,Human,2924,76,511,425,55
EU,2v2,54297047,Retalia,Spineshatter,Horde,Priest,Discipline,Troll,2923,82,310,227,58
EU,2v2,42559328,Jixxo,Spineshatter,Alliance,Mage,Frost,Human,2922,83,334,189,64
EU,2v2,42909845,Promiscuousw,Spineshatter,Horde,Warlock,Demonology,Orc,2901,109,546,348,61
EU,2v2,45174585,Sandalimx,Spineshatter,Horde,Priest,Discipline,Troll,2893,110,515,402,56
EU,2v2,57286391,Freeland,Spineshatter,Horde,Mage,Frost,Undead,2870,117,709,666,52
EU,2v2,43939764,Níeze,Spineshatter,Horde,Priest,Discipline,Troll,2863,119,127,82,61
EU,2v2,52478941,Wâllirikz,Spineshatter,Horde,Warlock,Demonology,Undead,2863,119,127,82,61
US,2v2,78447587,Ronchon,Nightslayer,Alliance,Priest,Discipline,Dwarf,2861,18,606,466,57
US,2v2,78522739,Nëxïs,Nightslayer,Alliance,Rogue,Subtlety,Human,2858,20,262,171,61
US,2v2,78563369,Alexá,Nightslayer,Alliance,Druid,Restoration,Night Elf,2855,24,274,207,57
US,2v2,56670282,Niien,Nightslayer,Alliance,Druid,Restoration,Night Elf,2853,29,444,371,54
US,2v2,58621821,Earlsweats,Nightslayer,Alliance,Warrior,Arms,Gnome,2851,39,529,400,57
US,2v2,78026857,Kobeelol,Nightslayer,Alliance,Rogue,Subtlety,Human,2848,47,499,403,55
US,2v2,77882110,Cóoper,Nightslayer,Horde,Warrior,Arms,Orc,2836,79,307,204,60
US,2v2,78099989,Shingoat,Nightslayer,Horde,Rogue,Subtlety,Undead,2835,80,786,589,57
EU,2v2,58086353,Zetonitty,Spineshatter,Horde,Rogue,Subtlety,Undead,2834,129,337,260,56
US,2v2,77005311,Dpaspatur,Nightslayer,Horde,Priest,Discipline,Undead,2834,83,196,123,61
EU,2v2,52889309,Fivetrai,Spineshatter,Horde,Druid,Restoration,Tauren,2828,132,472,367,56
US,2v2,60985668,Crøwñchåsér,Nightslayer,Alliance,,,,2825,84,291,207,58
US,2v2,77292718,Popeshðw,Nightslayer,Alliance,Priest,Discipline,Dwarf,2809,85,364,196,65
EU,2v2,49489565,Gankalolz,Spineshatter,Alliance,Warlock,Demonology,Human,2761,161,111,70,61
US,2v2,67851720,Shaqlol,Nightslayer,Alliance,Rogue,Subtlety,Human,2721,112,162,108,60
EU,2v2,56967079,Krawnz,Spineshatter,Alliance,Priest,Discipline,Dwarf,2708,205,209,154,58
EU,2v2,57531506,Baldbraik,Spineshatter,Alliance,Mage,Frost,Gnome,2697,216,448,298,60
EU,5v5,59842089,Añbx,Spineshatter,Horde,,,,2688,2,196,11,95
EU,3v3,53878194,Aboveñbeyond,Spineshatter,Alliance,,,,2685,4,128,19,87
EU,2v2,52763839,Albraïk,Spineshatter,Horde,Mage,Frost,Undead,2684,231,328,203,62
EU,2v2,51481719,Isabellala,Spineshatter,Alliance,Rogue,Subtlety,Human,2680,234,868,724,55
EU,2v2,58154862,Steaksauce,Spineshatter,Horde,Druid,Feral Combat,Tauren,2675,242,260,212,55
EU,3v3,42648992,Lz,Spineshatter,Alliance,Mage,Frost,Gnome,2674,6,101,12,89
EU,2v2,55044736,Napoleøn,Spineshatter,Alliance,Warrior,Arms,Gnome,2670,247,1171,1108,51
EU,2v2,44204114,Scryna,Spineshatter,Horde,Warlock,Demonology,Undead,2663,254,286,188,60
US,2v2,77838442,Wezette,Nightslayer,Alliance,Druid,Restoration,Night Elf,2659,133,254,157,62
US,2v2,78400660,Putindehype,Nightslayer,Alliance,Rogue,Subtlety,Human,2658,135,434,376,54
US,2v2,75117331,Raselqt,Nightslayer,Alliance,Warrior,Arms,Gnome,2658,135,115,58,66
EU,5v5,61862660,Trezan,Spineshatter,Horde,Shaman,Restoration,Orc,2650,3,323,72,82
EU,2v2,56345736,Gtsixtythree,Spineshatter,Alliance,Rogue,Combat,Human,2649,280,201,166,55
EU,3v3,47442526,Yaphéts,Spineshatter,Alliance,Priest,Discipline,Dwarf,2646,12,325,196,62
EU,3v3,53910715,Scryception,Spineshatter,Alliance,Warlock,Demonology,Human,2646,12,449,365,55
EU,2v2,61148896,Lallemagne,Spineshatter,Horde,Rogue,Subtlety,Undead,2642,299,758,538,58
EU,2v2,44995830,Wingbalx,Spineshatter,Alliance,Warlock,Demonology,Gnome,2640,304,71,30,70
EU,5v5,44063947,Laynerzy,Spineshatter,Horde,Mage,Frost,Undead,2638,5,160,52,75
EU,5v5,52678794,Niezé,Spineshatter,Alliance,Priest,Discipline,Dwarf,2637,6,112,11,91
EU,5v5,52693842,Wallirik,Spineshatter,Alliance,Warlock,Demonology,Human,2637,6,235,21,92
EU,3v3,51157990,Scrynah,Spineshatter,Horde,Warlock,Demonology,Orc,2632,18,124,52,70
US,2v2,77557832,Puffyz,Nightslayer,Alliance,Mage,Frost,Gnome,2629,155,70,25,74
EU,2v2,61706974,Thirtyoneyo,Spineshatter,Alliance,Priest,Discipline,Dwarf,2616,390,249,183,58
EU,2v2,43661707,Iraxus,Spineshatter,Alliance,Rogue,Subtlety,Human,2616,390,572,540,51
EU,3v3,63894660,Bæsjehore,Spineshatter,Alliance,Rogue,Subtlety,Human,2615,28,125,91,58
EU,2v2,54559212,Móóo,Thunderstrike,Horde,Druid,Restoration,Tauren,2614,400,135,77,64
EU,2v2,53817157,Fourbyfour,Spineshatter,Horde,Shaman,Restoration,Orc,2610,419,120,78,61
EU,3v3,53525690,Nimageci,Spineshatter,Horde,,,,2610,35,436,350,55
EU,2v2,57846765,Jimoly,Spineshatter,Alliance,Priest,Holy,Dwarf,2609,427,209,174,55
EU,2v2,51463867,Nightcrezy,Spineshatter,Horde,Rogue,Subtlety,Undead,2606,452,114,79,59
US,2v2,75358437,Natashinka,Nightslayer,Alliance,Warrior,Arms,Gnome,2606,170,170,128,57
US,2v2,57170431,Nieen,Nightslayer,Alliance,Rogue,Subtlety,Human,2605,175,132,83,61
EU,2v2,86180568,Tanishadow,Thunderstrike,Horde,Rogue,Subtlety,Blood Elf,2602,482,112,73,61
EU,2v2,86627595,Immvpx,Thunderstrike,Alliance,Hunter,Survival,Dwarf,2602,482,381,333,53
EU,2v2,85746488,Vuasiliy,Thunderstrike,Horde,Priest,Discipline,Undead,2602,482,104,67,61
EU,2v2,86243651,Notmuchbrb,Thunderstrike,Alliance,Priest,Discipline,Dwarf,2602,482,381,336,53
US,2v2,78390364,Etouifrero,Nightslayer,Alliance,Mage,Frost,Gnome,2602,178,454,395,53
EU,5v5,59420413,Blackfiréz,Spineshatter,Alliance,Mage,Frost,Gnome,2601,9,342,153,69
EU,5v5,57020726,Fijitaa,Spineshatter,Alliance,Priest,Discipline,Dwarf,2601,9,110,8,93
EU,2v2,49911464,Brogtor,Spineshatter,Alliance,Hunter,Survival,Dwarf,2600,502,214,159,57
EU,2v2,45402562,Nokkie,Spineshatter,Alliance,Priest,Discipline,Dwarf,2600,502,195,143,58
EU,3v3,53791547,Blackfirêz,Spineshatter,Alliance,Mage,Frost,Gnome,2600,64,596,333,64
EU,2v2,56078534,Tufelprime,Spineshatter,Alliance,Priest,Discipline,Dwarf,2599,516,133,88,60
US,5v5,74325772,Kahane,Nightslayer,Alliance,Priest,Discipline,Dwarf,2597,1,875,147,86
US,2v2,78256024,Druidixk,Nightslayer,Horde,Druid,Restoration,Tauren,2596,182,461,377,55
EU,5v5,56348785,Ðayliex,Spineshatter,Alliance,Shaman,Restoration,Draenei,2582,17,236,105,69
EU,5v5,56967404,Tastemybolt,Spineshatter,Horde,Warlock,Demonology,Orc,2580,18,462,208,69
US,5v5,74669218,Joxibaba,Nightslayer,Alliance,Shaman,Restoration,Draenei,2579,2,1155,162,88
US,2v2,75526128,Bighogcranks,Nightslayer,Alliance,Rogue,Subtlety,Human,2577,198,521,484,52
US,2v2,78763373,Kekleta,Nightslayer,Alliance,Warrior,Arms,Gnome,2571,208,302,264,53
US,2v2,75241024,Korlicz,Nightslayer,Alliance,Priest,Discipline,Dwarf,2569,211,207,112,65
EU,5v5,65568386,Wallihork,Spineshatter,Horde,Warlock,Demonology,Orc,2565,20,348,91,79
US,2v2,53851002,Trizix,Nightslayer,Horde,Mage,Arcane,Undead,2564,219,211,152,58
US,2v2,72268620,Båbárógâ,Nightslayer,Alliance,Rogue,Subtlety,Human,2556,233,175,100,64
EU,5v5,57295271,Wørldz,Spineshatter,Horde,Mage,Frost,Undead,2555,22,615,355,63
EU,3v3,56306967,Shälavax,Spineshatter,Horde,Priest,Discipline,Undead,2553,86,990,760,57
EU,3v3,42609485,Tonyteabagz,Spineshatter,Horde,Mage,Frost,Undead,2553,86,882,680,56
US,2v2,75768395,Whittep,Nightslayer,Horde,Paladin,Retribution,Blood Elf,2550,248,177,111,61
EU,2v2,59098692,Krawnzx,Spineshatter,Horde,Priest,Discipline,Undead,2549,681,182,135,57
US,2v2,77450764,Someonelikeu,Nightslayer,Horde,Rogue,Subtlety,Undead,2549,253,687,634,52
EU,5v5,42675774,Nieze,Spineshatter,Horde,Priest,Discipline,Undead,2548,26,286,32,90
EU,5v5,53898080,Saireya,Spineshatter,Alliance,Shaman,Restoration,Draenei,2548,26,261,114,70
US,2v2,78556715,Ryordan,Nightslayer,Alliance,Priest,Discipline,Dwarf,2546,261,362,360,50
EU,2v2,61671751,Thefîsherman,Spineshatter,Horde,Priest,Discipline,Undead,2545,685,204,144,59
US,2v2,66183947,Actuallygood,Nightslayer,Horde,Rogue,Subtlety,Orc,2542,273,213,166,56
US,2v2,69236069,Iamsome,Nightslayer,Horde,Mage,Arcane,Undead,2542,273,227,189,55
EU,2v2,53786873,Bestgr,Spineshatter,Alliance,Rogue,Subtlety,Human,2541,689,213,212,50
EU,2v2,43647283,Imx,Spineshatter,Horde,Rogue,Subtlety,Undead,2539,694,515,367,58
EU,5v5,59848727,Likeapríest,Spineshatter,Horde,Rogue,Subtlety,Undead,2539,30,686,403,63
US,2v2,49975098,Loafofbreadd,Dreamscythe,Alliance,Paladin,Holy,Dwarf,2535,300,196,152,56
US,2v2,79410794,Évílínagød,Nightslayer,Horde,Warlock,Demonology,Orc,2534,302,159,119,57
EU,5v5,44002212,Vegaa,Spineshatter,Horde,Shaman,Restoration,Orc,2533,32,129,18,88
US,2v2,55762652,Laynerzx,Nightslayer,Alliance,Mage,Frost,Gnome,2533,312,316,228,58
EU,2v2,55810907,Naserx,Spineshatter,Alliance,Priest,Discipline,Dwarf,2532,704,207,172,55
EU,5v5,53928366,Makcie,Spineshatter,Alliance,Shaman,Restoration,Draenei,2531,34,379,72,84
US,2v2,48521781,Göne,Dreamscythe,Alliance,Warlock,Demonology,Human,2531,320,89,51,64
US,2v2,54033493,Goated,Nightslayer,Alliance,Rogue,Subtlety,Human,2531,320,425,379,53
US,2v2,60215603,Smolgandii,Nightslayer,Alliance,Warrior,Arms,Gnome,2531,320,197,172,53
US,2v2,48241453,Arçangel,Dreamscythe,Alliance,Priest,Discipline,Night Elf,2530,336,71,42,63
US,2v2,74622824,Nestar,Nightslayer,Alliance,Mage,Frost,Gnome,2530,336,771,728,51
US,2v2,74764177,Ninjafrog,Nightslayer,Alliance,Rogue,Subtlety,Human,2530,336,437,390,53
US,5v5,78558994,Onewhokñocks,Nightslayer,Alliance,,,,2530,4,476,69,87
US,2v2,74490764,Pizazzc,Nightslayer,Alliance,Priest,Discipline,Dwarf,2528,348,281,210,57
US,2v2,64966057,Trizi,Nightslayer,Alliance,Mage,Frost,Human,2526,368,340,242,58
EU,5v5,55483378,Blackfirezx,Spineshatter,Horde,Mage,Frost,Undead,2524,43,678,304,69
US,2v2,75093275,Amberianna,Nightslayer,Alliance,Rogue,Subtlety,Human,2524,388,140,105,57
US,2v2,53971153,Ear,Nightslayer,Alliance,Priest,Discipline,Dwarf,2523,400,982,1012,49
EU,5v5,65531492,Walliw,Spineshatter,Alliance,Warlock,Demonology,Human,2522,45,225,64,78
US,3v3,72129822,Harkeno,Nightslayer,Alliance,,,,2522,50,93,29,76
US,2v2,65506622,Blindmissed,Nightslayer,Alliance,Rogue,Subtlety,Human,2521,421,598,545,52
US,2v2,74284030,Jozushka,Nightslayer,Alliance,Priest,Discipline,Dwarf,2519,437,413,342,55
EU,5v5,59348121,Keïjuñã,Spineshatter,Alliance,Shaman,Restoration,Draenei,2518,46,76,20,79
US,5v5,77961565,Joxißaba,Nightslayer,Alliance,,,,2518,6,175,33,84
US,2v2,66512186,Pennyweis,Nightslayer,Horde,Mage,Arcane,Troll,2517,458,473,363,57
US,2v2,73995207,Rizi,Nightslayer,Alliance,Mage,Frost,Gnome,2516,462,344,293,54
EU,5v5,59384288,Krawnxz,Spineshatter,Alliance,Priest,Discipline,Dwarf,2514,49,438,261,63
EU,5v5,55931146,Ädri,Spineshatter,Alliance,Rogue,Subtlety,Human,2511,51,294,134,69
EU,5v5,45000428,Cleareyes,Spineshatter,Alliance,Warrior,Arms,Human,2510,52,98,42,70
EU,5v5,54530316,Islamchamp,Spineshatter,Horde,Rogue,Subtlety,Undead,2510,52,230,114,67
EU,5v5,54198331,Söumi,Spineshatter,Horde,Druid,Restoration,Tauren,2508,57,167,67,71
EU,5v5,59350716,Keijunã,Spineshatter,Alliance,Priest,Discipline,Dwarf,2508,57,75,11,87
US,2v2,57967779,Mogeii,Nightslayer,Alliance,Rogue,Subtlety,Human,2507,496,253,191,57
EU,5v5,55466175,Torstenmagea,Spineshatter,Alliance,Mage,Frost,Human,2503,63,148,66,69
EU,5v5,54360699,Vegaå,Spineshatter,Horde,Shaman,Restoration,Orc,2502,64,158,120,57
US,5v5,74907151,Kekla,Nightslayer,Alliance,Warrior,Arms,Human,2502,8,216,134,62
EU,5v5,57682741,Nëmësïs,Spineshatter,Alliance,Shaman,Restoration,Draenei,2501,67,83,13,86
EU,5v5,65429709,Absaugereisn,Spineshatter,Horde,Shaman,Restoration,Orc,2497,73,220,133,62
EU,5v5,54195627,Søumi,Spineshatter,Horde,Priest,Discipline,Undead,2497,73,368,214,63
EU,5v5,56079314,Nëmésïs,Spineshatter,Alliance,Priest,Discipline,Dwarf,2497,73,86,25,77
US,5v5,78984291,Çørrûptiöñ,Nightslayer,Alliance,Warlock,Demonology,Human,2497,10,112,30,79
EU,2v2,57211476,Boucletotale,Spineshatter,Horde,Mage,Frost,Undead,2496,749,316,262,55
EU,5v5,54611279,Bláckbetty,Spineshatter,Alliance,Shaman,Restoration,Draenei,2496,79,442,276,62
EU,5v5,65979413,Twotimesone,Spineshatter,Alliance,Warrior,Arms,Dwarf,2495,81,113,64,64
EU,5v5,45433950,Psychogodx,Spineshatter,Horde,Warrior,Fury,Orc,2495,81,140,72,66
US,5v5,78395278,Snutzfive,Nightslayer,Horde,Warlock,Demonology,Undead,2495,11,232,66,78
US,5v5,73955358,Ggasura,Nightslayer,Alliance,Shaman,Restoration,Draenei,2494,12,75,9,89
EU,5v5,65743976,Keijuñã,Spineshatter,Horde,Shaman,Restoration,Orc,2493,90,118,50,70
EU,5v5,55946541,Torstenlockx,Spineshatter,Horde,Warlock,Demonology,Orc,2492,99,126,74,63
US,5v5,78414758,Bîgcheese,Nightslayer,Alliance,Warlock,Demonology,Human,2492,14,430,77,85
EU,2v2,53210919,Hja,Spineshatter,Horde,Mage,Frost,Undead,2491,755,123,85,59
EU,5v5,57073665,Racarîa,Spineshatter,Horde,Priest,Discipline,Undead,2491,105,135,45,75
EU,5v5,59632769,Vøldémórt,Spineshatter,Horde,,,,2490,112,365,224,62
EU,5v5,65759433,Imxn,Spineshatter,Alliance,Rogue,Subtlety,Human,2490,112,118,77,61
EU,5v5,59759190,Oscarkóz,Spineshatter,Alliance,Shaman,Restoration,Draenei,2488,122,334,233,59
EU,5v5,47142560,Venomdead,Spineshatter,Horde,Mage,Frost,Undead,2488,122,305,146,68
EU,5v5,54560515,Nëmêsïs,Spineshatter,Horde,Warlock,Demonology,Orc,2488,122,620,252,71
US,3v3,76983421,Allahxuakbar,Nightslayer,Alliance,Warlock,Demonology,Human,2488,72,1368,1013,57
EU,5v5,54017251,Soumí,Spineshatter,Alliance,Priest,Discipline,Dwarf,2484,152,134,63,68
US,5v5,77514337,Pokecent,Nightslayer,Horde,Mage,Frost,Undead,2484,16,477,204,70
EU,2v2,58506029,Neepzén,Spineshatter,Horde,Warlock,Demonology,Orc,2482,769,258,201,56
EU,5v5,53401384,Wallishko,Spineshatter,Horde,Shaman,Enhancement,Orc,2482,161,122,48,72
EU,5v5,54870916,Ivanatrúmp,Spineshatter,Alliance,Mage,Frost,Gnome,2482,161,419,289,59
EU,5v5,65787297,Oouoou,Spineshatter,Alliance,Priest,Discipline,Dwarf,2482,161,143,36,80
US,5v5,77391289,Durtyl,Nightslayer,Alliance,Warlock,Demonology,Human,2479,18,79,16,83
EU,5v5,59294298,Rently,Spineshatter,Horde,Shaman,Restoration,Tauren,2474,179,562,378,60
US,5v5,74667550,Apples,Nightslayer,Alliance,Shaman,Restoration,Draenei,2474,22,155,80,66
EU,2v2,54234569,Wingbâl,Spineshatter,Alliance,Warlock,Demonology,Human,2472,787,67,31,68
EU,5v5,51888443,Iææaææaææeæl,Spineshatter,Horde,Rogue,Subtlety,Undead,2472,181,76,42,64
US,2v2,78016044,Bloomlurker,Nightslayer,Alliance,Druid,Restoration,Night Elf,2472,535,275,224,55
US,2v2,78597415,Izitpink,Nightslayer,Alliance,Rogue,Subtlety,Human,2469,537,888,827,52
EU,2v2,61156268,Põwermust,Spineshatter,Horde,Rogue,Subtlety,Undead,2465,795,94,43,69
US,5v5,77315589,Hw,Nightslayer,Horde,Shaman,Elemental,Orc,2465,29,244,119,67
US,5v5,69686325,Police,Nightslayer,Alliance,Warrior,Fury,Human,2465,29,106,18,85
US,5v5,71649210,Bácktaxes,Nightslayer,Alliance,Warrior,Arms,Human,2465,29,150,29,84
US,2v2,79453754,Dustw,Nightslayer,Alliance,Warlock,Demonology,Human,2458,542,180,140,56
US,5v5,77352164,Winnin,Nightslayer,Alliance,Rogue,Subtlety,Human,2457,36,148,27,85
US,5v5,70351467,Venumz,Nightslayer,Alliance,Rogue,Subtlety,Human,2456,37,77,6,93
US,2v2,82827985,Gnometoast,Dreamscythe,Alliance,Warrior,Arms,Gnome,2455,545,200,157,56
EU,5v5,53978876,Maaxmill,Spineshatter,Horde,Warrior,Arms,Orc,2452,183,76,38,67
EU,5v5,63526651,Neeyy,Spineshatter,Horde,Shaman,Restoration,Orc,2451,184,202,123,62
US,5v5,77105533,Originaldsi,Nightslayer,Alliance,Shaman,Restoration,Draenei,2448,41,80,18,82
US,5v5,77128864,Topgkor,Nightslayer,Alliance,Shaman,Restoration,Draenei,2447,43,388,78,83
US,2v2,64079707,Nexzo,Nightslayer,Horde,Warrior,Arms,Orc,2446,555,795,750,51
US,3v3,78879540,Mancinella,Nightslayer,Alliance,Priest,Holy,Dwarf,2446,89,78,34,70
US,5v5,55961216,Stinkeelock,Nightslayer,Alliance,Warlock,Demonology,Gnome,2445,45,117,43,73
US,5v5,59888013,Choboski,Nightslayer,Horde,Shaman,Restoration,Orc,2444,50,97,33,75
US,5v5,73425115,Tswizzyfan,Nightslayer,Alliance,Mage,Frost,Gnome,2442,57,92,29,76
EU,2v2,53029707,Groupthérapy,Spineshatter,Alliance,Druid,Restoration,Night Elf,2441,830,175,143,55
US,5v5,78586085,Pantech,Nightslayer,Horde,Warlock,Demonology,Undead,2439,62,154,103,60
EU,2v2,58096291,Unilind,Spineshatter,Alliance,Warrior,Arms,Dwarf,2438,834,308,277,53
US,5v5,78919062,Moneysweet,Nightslayer,Alliance,Warlock,Demonology,Human,2438,63,117,63,65
US,5v5,59198611,Braevz,Nightslayer,Horde,Druid,Restoration,Tauren,2432,68,160,80,67
US,5v5,74674200,Keijuna,Nightslayer,Alliance,Priest,Discipline,Dwarf,2428,79,124,11,92
US,5v5,75351494,Baziz,Nightslayer,Alliance,Mage,Frost,Gnome,2428,79,111,41,73
US,5v5,74544794,Jordgubbar,Nightslayer,Alliance,Rogue,Subtlety,Human,2426,84,114,40,74
US,2v2,77636416,Gardyloltwo,Nightslayer,Horde,Priest,Discipline,Undead,2425,577,195,153,56
EU,3v3,45510200,Eozi,Spineshatter,Alliance,Priest,Discipline,Dwarf,2424,160,242,164,60
US,5v5,79004082,Samurashi,Nightslayer,Horde,Shaman,Restoration,Orc,2424,90,246,83,75
EU,2v2,57342719,Immvp,Spineshatter,Horde,Hunter,Beast Mastery,Orc,2422,869,235,177,57
EU,2v2,61156300,Gxi,Spineshatter,Horde,Rogue,Subtlety,Undead,2422,869,666,595,53
EU,2v2,43210197,Txi,Spineshatter,Horde,Mage,Frost,Undead,2422,869,268,217,55
US,5v5,77907695,Bobrossganks,Nightslayer,Horde,Rogue,Subtlety,Orc,2422,98,101,20,83
US,5v5,77424472,Castercorner,Nightslayer,Horde,Warlock,Demonology,Orc,2421,103,99,39,72
EU,3v3,59456672,Yàharam,Spineshatter,Horde,Priest,Discipline,Troll,2420,164,63,18,78
US,2v2,77873245,Whiittep,Nightslayer,Horde,Paladin,Retribution,Blood Elf,2420,580,560,511,52
EU,2v2,55075833,Pwný,Spineshatter,Horde,Mage,Frost,Undead,2419,874,139,103,57
EU,5v5,53090412,Eidy,Spineshatter,Alliance,Priest,Discipline,Dwarf,2417,204,111,63,64
US,5v5,78689880,Ymmels,Nightslayer,Alliance,Warlock,Demonology,Human,2417,121,61,14,81
US,5v5,78366066,Sonofnils,Nightslayer,Horde,Priest,Discipline,Undead,2416,125,360,209,63
EU,5v5,54913219,Maggismith,Spineshatter,Alliance,Shaman,Restoration,Draenei,2414,208,165,120,58
EU,2v2,42870597,Libertine,Spineshatter,Alliance,Priest,Discipline,Dwarf,2411,897,95,57,62
EU,2v2,55385048,Darkjacob,Spineshatter,Horde,Priest,Discipline,Undead,2410,904,451,384,54
EU,2v2,61156298,Pøwermust,Spineshatter,Horde,Rogue,Subtlety,Undead,2405,921,62,31,67
US,3v3,79589388,Rokuj,Nightslayer,Horde,Rogue,Subtlety,Undead,2405,112,106,67,61
EU,3v3,51954121,Merlinset,Spineshatter,Horde,Rogue,Subtlety,Orc,2404,186,167,142,54
US,5v5,54087265,Baelol,Nightslayer,Alliance,,,,2401,147,69,12,85
EU,2v2,54316710,Movemént,Spineshatter,Alliance,Priest,Discipline,Dwarf,2397,944,115,80,59
US,5v5,64195271,Itsbaelol,Nightslayer,Alliance,,,,2394,157,94,26,78
US,2v2,62197018,Gardylol,Nightslayer,Horde,Priest,Discipline,Undead,2393,621,161,120,57
US,2v2,78777872,Unblêss,Nightslayer,Alliance,Priest,Discipline,Dwarf,2389,623,270,217,55
EU,3v3,59837117,Healnah,Spineshatter,Alliance,Priest,Discipline,Dwarf,2388,214,82,50,62
US,5v5,77709092,Jbarba,Nightslayer,Horde,Priest,Discipline,Undead,2387,163,90,29,76
EU,5v5,61198391,Dedmanwalkn,Spineshatter,Horde,Priest,Discipline,Undead,2384,229,138,107,56
EU,5v5,46483603,Obenohne,Spineshatter,Horde,Shaman,Restoration,Troll,2383,231,157,92,63
EU,2v2,65610504,Juleszdot,Spineshatter,Alliance,Warlock,Destruction,Human,2382,975,350,346,50
EU,2v2,53745652,Oscarkoz,Spineshatter,Alliance,Druid,Restoration,Night Elf,2379,983,218,182,54
EU,5v5,62376145,Dedmanwar,Spineshatter,Horde,Warrior,Fury,Orc,2374,235,151,81,65
US,3v3,72821085,Cartoonz,Nightslayer,Alliance,Mage,Frost,Gnome,2374,135,50,24,68
EU,5v5,61214804,Freemaxim,Spineshatter,Horde,Mage,Arcane,Troll,2369,237,204,141,59
US,2v2,78563689,Deathhordé,Nightslayer,Alliance,Warrior,Arms,Gnome,2368,661,123,79,61
EU,5v5,56576688,Youngster,Spineshatter,Alliance,Shaman,Restoration,Draenei,2366,238,183,94,66
EU,5v5,54677758,Secretagentq,Spineshatter,Alliance,Warlock,Demonology,Human,2363,240,219,121,64
EU,5v5,57360455,Immunityx,Spineshatter,Horde,Rogue,Subtlety,Undead,2362,241,168,140,55
US,3v3,74076695,Likeaneedle,Nightslayer,Alliance,Warlock,Demonology,Human,2361,150,169,155,52
EU,3v3,62422830,Shadovkilah,Spineshatter,Horde,Rogue,Subtlety,Undead,2359,295,196,150,57
US,3v3,69707526,Furiousx,Nightslayer,Alliance,Rogue,Combat,Human,2359,153,52,20,72
EU,2v2,58772983,Liszka,Spineshatter,Alliance,Rogue,Subtlety,Human,2355,1056,81,63,56
EU,3v3,61164138,Tróllface,Spineshatter,Alliance,Warrior,Arms,Gnome,2355,319,112,78,59
EU,5v5,55596646,Nëmêsis,Spineshatter,Alliance,Warlock,Demonology,Human,2355,256,220,119,65
EU,5v5,55433587,Tourdemoney,Spineshatter,Alliance,,,,2353,259,301,161,65
US,2v2,77721395,Dustychun,Nightslayer,Horde,Warlock,Demonology,Undead,2352,687,297,247,55
EU,5v5,57406722,Azongash,Spineshatter,Horde,Shaman,Restoration,Orc,2350,262,82,56,59
US,3v3,76262138,Hence,Nightslayer,Alliance,Priest,Discipline,Dwarf,2348,171,99,71,58
EU,2v2,43114864,Goyo,Spineshatter,Alliance,Paladin,Holy,Human,2347,1085,131,112,54
EU,5v5,55768162,Ambushovna,Spineshatter,Alliance,Rogue,Subtlety,Human,2345,271,64,44,59
EU,5v5,55804580,Lemøñ,Spineshatter,Alliance,Priest,Discipline,Dwarf,2345,271,64,44,59
EU,5v5,58138100,Gotchå,Spineshatter,Horde,Rogue,Combat,Undead,2345,271,57,20,74
EU,5v5,44263160,Ramzoo,Spineshatter,Horde,Rogue,Subtlety,Undead,2344,277,81,48,63
EU,2v2,57353366,Zebraze,Spineshatter,Alliance,Rogue,Subtlety,Human,2343,1105,415,360,54
US,2v2,78439276,Suspex,Nightslayer,Alliance,Priest,Discipline,Dwarf,2343,699,112,65,63
EU,2v2,53672941,Bubblebrolol,Spineshatter,Horde,Paladin,Protection,Blood Elf,2342,1107,158,149,51
EU,5v5,57012726,Evílínagød,Spineshatter,Horde,Warlock,Demonology,Orc,2341,284,576,388,60
EU,5v5,53585676,Barrthas,Spineshatter,Alliance,Warrior,Arms,Human,2340,285,146,99,60
US,2v2,75663156,Yourwifesman,Nightslayer,Horde,Warrior,Arms,Orc,2340,704,143,145,50
EU,5v5,57352831,Ilc,Spineshatter,Horde,Warrior,Fury,Orc,2339,288,79,51,61
EU,5v5,52118058,Ncrr,Spineshatter,Alliance,Warlock,Demonology,Human,2336,290,168,82,67
US,3v3,73014243,Dodgeyhodgey,Nightslayer,Horde,Warlock,Demonology,Undead,2336,201,205,91,69
EU,5v5,58159490,Noopex,Spineshatter,Alliance,Priest,Discipline,Dwarf,2334,293,127,92,58
US,3v3,72184453,Monstër,Nightslayer,Horde,Warrior,Arms,Tauren,2334,205,76,56,58
US,5v5,76927765,Ssgstrong,Nightslayer,Alliance,Rogue,Subtlety,Human,2332,205,54,33,62
US,5v5,75408222,Markrutzou,Nightslayer,Alliance,Warlock,Affliction,Human,2330,209,127,64,66
EU,5v5,56756534,Fernanddos,Spineshatter,Horde,,,,2329,308,485,368,57
US,3v3,70008350,Enfreak,Nightslayer,Alliance,Rogue,Combat,Human,2329,220,94,101,48
EU,3v3,44753708,Poproguex,Spineshatter,Horde,Rogue,Subtlety,Undead,2328,451,157,129,55
EU,5v5,54494869,Insømniá,Spineshatter,Alliance,Shaman,Restoration,Draenei,2327,315,166,122,58
EU,5v5,58628643,Aktivx,Spineshatter,Horde,Shaman,Restoration,Tauren,2325,320,134,101,57
US,3v3,72729719,Dielikeadog,Nightslayer,Alliance,,,,2323,243,120,97,55
EU,2v2,48157731,Tihiz,Spineshatter,Alliance,Rogue,Subtlety,Human,2320,1192,395,395,50
US,3v3,69696384,Astroxyz,Nightslayer,Alliance,Mage,Arcane,Gnome,2319,263,67,37,64
US,5v5,77777050,Saireyå,Nightslayer,Horde,Shaman,Restoration,Orc,2319,221,127,50,72
EU,5v5,53974545,Kimii,Spineshatter,Alliance,Warlock,Demonology,Human,2317,348,172,135,56
US,2v2,75411994,Tongkim,Nightslayer,Alliance,Warlock,Demonology,Human,2313,742,103,65,61
US,5v5,79126547,Emmazen,Nightslayer,Horde,Rogue,Subtlety,Undead,2313,233,93,49,65
US,3v3,77847614,Xyvxv,Nightslayer,Alliance,Rogue,Subtlety,Human,2312,294,253,208,55
US,3v3,72953067,Smartpointer,Nightslayer,Alliance,Warlock,Demonology,Gnome,2312,294,89,54,62
US,5v5,64289093,Wuwuwemonz,Nightslayer,Alliance,Hunter,Beast Mastery,Dwarf,2312,236,82,20,80
EU,5v5,65849590,Gatzuxz,Spineshatter,Horde,Mage,Frost,Undead,2308,386,397,258,61
EU,5v5,65822997,Cowstronk,Spineshatter,Horde,Warrior,Arms,Tauren,2306,411,50,36,58
US,5v5,66624681,Treason,Nightslayer,Alliance,,,,2306,248,56,6,90
US,5v5,79385383,Eiisha,Nightslayer,Alliance,Shaman,Restoration,Draenei,2306,248,110,27,80
EU,5v5,47344448,Felgssj,Spineshatter,Alliance,Mage,Arcane,Human,2304,427,236,175,57
EU,5v5,53031916,Wórldless,Spineshatter,Alliance,Priest,Discipline,Dwarf,2304,427,67,35,66
US,2v2,68295564,Phokthisgame,Nightslayer,Horde,Druid,Restoration,Tauren,2304,759,477,360,57
US,5v5,74442650,Cooperxz,Nightslayer,Alliance,Warrior,Fury,Human,2302,259,67,42,61
EU,5v5,53061830,Worldlëss,Spineshatter,Alliance,Druid,Restoration,Night Elf,2300,459,141,95,60
US,2v2,72288128,Abub,Nightslayer,Alliance,Priest,Discipline,Dwarf,2300,769,385,371,51
US,3v3,64824348,Kozi,Nightslayer,Alliance,Rogue,Subtlety,Human,2300,364,81,59,58
US,5v5,44416925,Conorlol,Dreamscythe,Alliance,Mage,Frost,Gnome,2300,263,105,77,58
US,3v3,75379836,Dyneema,Nightslayer,Horde,Druid,Restoration,Tauren,2299,369,69,49,58
EU,5v5,44541404,Virusimunden,Spineshatter,Horde,Warlock,Destruction,Undead,2298,465,95,65,59
EU,5v5,55723496,Dimøn,Spineshatter,Horde,Shaman,Restoration,Orc,2298,465,638,380,63
US,3v3,55122535,Cinema,Nightslayer,Alliance,Priest,Discipline,Dwarf,2298,372,96,73,57
EU,5v5,52166980,Adrï,Spineshatter,Alliance,Rogue,Subtlety,Human,2296,478,50,16,76
US,5v5,58423344,Offdutyninja,Nightslayer,Horde,Rogue,Combat,Undead,2296,274,171,139,55
US,5v5,73832376,Dsquare,Nightslayer,Alliance,Rogue,Subtlety,Human,2295,276,111,54,67
EU,2v2,53248475,Alicce,Spineshatter,Alliance,Rogue,Combat,Human,2294,1275,174,159,52
EU,5v5,58557897,Xladêrz,Spineshatter,Horde,Mage,Frost,Undead,2294,483,299,208,59
EU,5v5,61156297,Nfxz,Spineshatter,Horde,Paladin,Retribution,Blood Elf,2294,483,75,51,60
US,2v2,58544861,Kazê,Nightslayer,Horde,Rogue,Subtlety,Undead,2294,785,194,153,56
EU,5v5,57451298,Nku,Spineshatter,Horde,Druid,Restoration,Tauren,2293,492,50,32,61
EU,5v5,47017295,Pmf,Spineshatter,Alliance,Druid,Restoration,Night Elf,2291,500,62,29,68
EU,2v2,54222435,Randomkelb,Spineshatter,Horde,Warlock,Demonology,Orc,2288,1293,183,146,56
EU,5v5,62372842,Topcriminal,Spineshatter,Horde,Warrior,Arms,Tauren,2285,534,75,44,63
US,5v5,46448975,Kkbytedance,Dreamscythe,Alliance,Mage,Frost,Gnome,2285,299,129,103,56
EU,5v5,51575309,Bestcmo,Spineshatter,Alliance,Druid,Restoration,Night Elf,2283,547,121,102,54
EU,5v5,59382643,Maneej,Spineshatter,Horde,Shaman,Elemental,Orc,2281,557,126,83,60
EU,5v5,61252278,Kitsuxx,Spineshatter,Horde,Warlock,Affliction,Orc,2280,563,91,64,59
US,5v5,48333105,Conorlolxd,Dreamscythe,Alliance,Priest,Discipline,Dwarf,2280,311,92,64,59
EU,5v5,65823381,Krwnz,Spineshatter,Horde,Priest,Discipline,Undead,2278,577,115,79,59
EU,5v5,44018592,Rottencheese,Spineshatter,Alliance,Paladin,Retribution,Dwarf,2278,577,63,41,61
US,2v2,76943375,Ðarkængel,Nightslayer,Horde,Priest,Discipline,Undead,2277,825,111,84,57
US,5v5,72614019,Frostveiil,Nightslayer,Alliance,Mage,Frost,Gnome,2276,319,206,127,62
EU,5v5,57529962,Magicsmith,Spineshatter,Alliance,Priest,Discipline,Dwarf,2274,618,123,98,56
EU,5v5,46365648,Psychotonka,Spineshatter,Horde,Warrior,Fury,Troll,2274,618,151,123,55
US,5v5,72859817,Wangwizard,Nightslayer,Alliance,Mage,Arcane,Gnome,2274,325,52,23,69
EU,5v5,49872887,Mehring,Spineshatter,Horde,Warrior,Arms,Orc,2272,632,149,132,53
US,2v2,75411936,Tongsuwang,Nightslayer,Alliance,Warlock,Demonology,Human,2272,843,138,69,67
EU,5v5,42670092,Karr,Spineshatter,Horde,Warrior,Arms,Orc,2268,674,145,109,57
EU,5v5,54280021,Avidós,Spineshatter,Horde,Druid,Restoration,Tauren,2267,681,118,90,57
EU,5v5,49665901,Skullhuntär,Spineshatter,Alliance,Hunter,Survival,Dwarf,2267,681,201,162,55
EU,5v5,44949878,Dnr,Spineshatter,Horde,Rogue,Combat,Undead,2267,681,146,122,54
US,5v5,58522278,Itsbae,Nightslayer,Horde,,,,2266,368,46,10,82
EU,5v5,55693492,Dàrckness,Spineshatter,Horde,Druid,Restoration,Tauren,2263,740,271,186,59
US,5v5,54643363,Kkbdcm,Dreamscythe,Alliance,Shaman,Enhancement,Draenei,2263,381,76,56,58
US,5v5,54635618,Skatjayjr,Dreamscythe,Alliance,Shaman,Restoration,Draenei,2262,383,124,81,60
EU,5v5,54409610,Foreveryoung,Spineshatter,Horde,,,,2261,764,323,206,61
EU,5v5,55811329,Myupvp,Spineshatter,Alliance,Warrior,Arms,Human,2260,786,167,182,48
EU,5v5,58084756,Gbenlock,Spineshatter,Horde,Warlock,Demonology,Orc,2259,792,72,42,63
EU,5v5,54278400,Neroargénto,Spineshatter,Horde,Priest,Discipline,Undead,2258,806,142,102,58
EU,5v5,65663299,Main,Spineshatter,Alliance,Rogue,Subtlety,Human,2258,806,61,44,58
EU,5v5,66042678,Benpittet,Spineshatter,Alliance,Warrior,Arms,Dwarf,2257,821,114,83,58
EU,5v5,43352526,Kenosu,Spineshatter,Horde,Warrior,Arms,Orc,2257,821,51,47,52
EU,2v2,52874874,Skymd,Spineshatter,Alliance,Rogue,Combat,Human,2256,1416,209,173,55
EU,5v5,57375996,Gazxd,Spineshatter,Horde,Priest,Shadow,Undead,2255,847,85,42,67
EU,5v5,45090043,Psychomania,Spineshatter,Horde,Warrior,Arms,Orc,2255,847,75,39,66
US,5v5,77861889,Devilindukex,Nightslayer,Alliance,Rogue,Subtlety,Human,2254,445,98,40,71
EU,5v5,50282481,Peanz,Spineshatter,Horde,Priest,Discipline,Undead,2253,877,142,133,52
US,5v5,61304094,Thuglivin,Nightslayer,Alliance,Mage,Frost,Gnome,2253,453,128,105,55
EU,3v3,54465163,Sóumi,Spineshatter,Alliance,Druid,Restoration,Night Elf,2251,575,113,66,63
EU,5v5,61134615,Gatzuga,Spineshatter,Horde,Priest,Discipline,Undead,2251,906,96,70,58
US,5v5,78156034,Fatherboof,Nightslayer,Alliance,Priest,Discipline,Dwarf,2251,463,96,70,58
EU,5v5,57084265,Beunheals,Spineshatter,Horde,Priest,Discipline,Undead,2250,915,176,152,54
EU,2v2,60152643,Trigny,Spineshatter,Horde,Paladin,Holy,Blood Elf,2248,1453,298,322,48
US,5v5,77920417,Barassindani,Nightslayer,Horde,Priest,Discipline,Troll,2248,484,372,194,66
US,5v5,77136932,Exactor,Nightslayer,Alliance,Rogue,Subtlety,Human,2247,492,236,136,63
US,5v5,74338279,Koreanbro,Nightslayer,Alliance,Shaman,Restoration,Draenei,2247,492,415,173,71
US,3v3,76817335,Piranhas,Nightslayer,Horde,Druid,Restoration,Tauren,2246,451,112,92,55
EU,2v2,57353461,Kefelosehola,Spineshatter,Alliance,Shaman,Restoration,Draenei,2245,1470,58,49,54
US,5v5,59807300,Pcc,Nightslayer,Horde,Priest,Discipline,Undead,2245,515,88,78,53
US,5v5,69252688,Demonkng,Nightslayer,Horde,Warlock,Demonology,Orc,2245,515,141,41,77
EU,2v2,55946648,Ghanoben,Spineshatter,Horde,Priest,Discipline,Undead,2244,1473,259,236,52
US,5v5,80215383,Timmi,Nightslayer,Horde,Paladin,Retribution,Blood Elf,2244,526,56,13,81
US,5v5,66666451,Netherdrake,Nightslayer,Horde,Rogue,Subtlety,Undead,2244,526,139,119,54
EU,5v5,65833211,Immunityxe,Spineshatter,Alliance,Warlock,Demonology,Human,2242,1008,111,83,57
US,5v5,73008743,Onlyyidao,Nightslayer,Alliance,Paladin,Retribution,Human,2242,542,143,113,56
US,5v5,78933243,Bubsjustlust,Nightslayer,Horde,Shaman,Restoration,Troll,2242,542,190,163,54
EU,2v2,65691715,Ralphcorex,Spineshatter,Horde,Druid,Restoration,Tauren,2241,1495,63,36,64
US,5v5,73088560,Thenorm,Nightslayer,Horde,Priest,Discipline,Undead,2241,560,224,196,53
US,5v5,72889289,Jibjobdruid,Nightslayer,Horde,Druid,Restoration,Tauren,2241,560,262,198,57
US,5v5,75050126,Cixyqt,Nightslayer,Horde,Druid,Balance,Tauren,2240,577,78,60,57
US,5v5,73509347,Mopzi,Nightslayer,Horde,,,,2240,577,134,105,56
US,5v5,72849593,Nedia,Nightslayer,Horde,Paladin,Retribution,Blood Elf,2239,588,75,57,57
US,2v2,54109127,Alpines,Nightslayer,Alliance,Rogue,Subtlety,Human,2238,924,1111,1058,51
EU,5v5,75724918,Kygô,Thunderstrike,Horde,Shaman,Restoration,Orc,2237,1052,109,69,61
US,5v5,73032357,Bigdealbtw,Nightslayer,Alliance,Shaman,Elemental,Draenei,2237,605,99,63,61
US,5v5,80172207,Timmidwarf,Nightslayer,Alliance,Paladin,Retribution,Dwarf,2234,632,105,73,59
US,5v5,79147345,Wyplol,Nightslayer,Alliance,Warrior,Arms,Dwarf,2234,632,120,98,55
EU,5v5,54092432,Jackwell,Spineshatter,Horde,Warrior,Arms,Orc,2233,1075,106,67,61
US,5v5,73880576,Grasschaos,Nightslayer,Alliance,Shaman,Enhancement,Draenei,2232,653,183,152,55
US,5v5,79763589,Demonsniper,Nightslayer,Horde,Hunter,Beast Mastery,Orc,2229,685,102,66,61
US,5v5,77990110,Radmeth,Nightslayer,Alliance,Shaman,Restoration,Draenei,2225,715,125,99,56
EU,5v5,58343643,Mèc,Spineshatter,Horde,Hunter,Beast Mastery,Orc,2224,1101,113,89,56
US,5v5,75405717,Twisgrass,Nightslayer,Alliance,Paladin,Retribution,Draenei,2224,731,348,288,55
US,5v5,69886012,Terrythescum,Nightslayer,Horde,Hunter,Beast Mastery,Orc,2223,748,320,283,53
US,5v5,78707022,Faustarchive,Nightslayer,Alliance,Shaman,Restoration,Draenei,2223,748,287,132,68
US,5v5,63965596,Reapersrage,Nightslayer,Alliance,Warrior,Arms,Dwarf,2223,748,113,92,55
US,5v5,79803814,Gweminator,Nightslayer,Alliance,Paladin,Retribution,Human,2223,748,304,152,67
US,5v5,80087851,Ssrw,Nightslayer,Alliance,Warrior,Arms,Dwarf,2221,769,263,135,66
US,5v5,65093793,Alors,Nightslayer,Alliance,Mage,Frost,Human,2217,812,89,58,61
EU,5v5,54720564,Dxb,Spineshatter,Alliance,Shaman,Restoration,Draenei,2214,1128,43,12,78
EU,5v5,56301748,Henryg,Spineshatter,Horde,Paladin,Holy,Blood Elf,2214,1128,92,54,63
US,5v5,78505046,Adamsandlerd,Nightslayer,Horde,Paladin,Retribution,Blood Elf,2212,868,143,116,55
EU,3v3,43347794,Krushy,Spineshatter,Horde,Shaman,Enhancement,Orc,2211,672,200,156,56
US,3v3,75372368,Milorada,Nightslayer,Alliance,Druid,Restoration,Night Elf,2209,539,89,87,51
EU,2v2,56537181,Encolol,Spineshatter,Alliance,,,,2208,1649,218,167,57
US,5v5,77026826,Goatclassx,Nightslayer,Alliance,Shaman,Enhancement,Draenei,2208,903,63,45,58
US,5v5,74092490,Shieldmonkey,Nightslayer,Horde,Priest,Discipline,Undead,2201,922,105,73,59
US,2v2,77542149,Dris,Nightslayer,Horde,Rogue,Subtlety,Undead,2198,1057,250,211,54
EU,5v5,45846195,Grobisum,Spineshatter,Horde,Warlock,Demonology,Orc,2197,1166,156,96,62
US,5v5,68870478,Baìter,Nightslayer,Horde,Priest,Discipline,Undead,2191,955,53,30,64
US,5v5,78925297,Floridahoe,Nightslayer,Horde,Priest,Discipline,Undead,2191,955,225,159,59
US,3v3,73063520,Gcp,Nightslayer,Horde,Rogue,Subtlety,Undead,2182,597,71,41,63
US,5v5,72654940,Vanskap,Nightslayer,Alliance,Warlock,Demonology,Gnome,2180,973,91,38,71
EU,2v2,49748365,Gtmneygtpaid,Spineshatter,Horde,Priest,Discipline,Undead,2173,1891,155,102,60
US,3v3,72129761,Moggingonyou,Nightslayer,Horde,Priest,Discipline,Undead,2172,630,174,145,55
US,3v3,77273700,Bísmillah,Nightslayer,Alliance,Mage,Frost,Human,2170,638,405,313,56
EU,5v5,57004707,Imruck,Spineshatter,Horde,Warlock,Destruction,Undead,2166,1257,172,147,54
US,5v5,75536343,Harloww,Nightslayer,Horde,Warrior,,Tauren,2161,1013,81,60,57
US,5v5,45454950,Wusai,Dreamscythe,Alliance,Warrior,Arms,Human,2157,1035,92,73,56
EU,2v2,56527842,Listkedra,Spineshatter,Alliance,Druid,Restoration,Night Elf,2155,2014,153,132,54
EU,2v2,43421248,Selectedx,Spineshatter,Alliance,Priest,Discipline,Dwarf,2151,2041,249,217,53
US,3v3,78879291,Qtmagé,Nightslayer,Horde,Mage,Frost,Undead,2151,686,101,78,56
US,5v5,74410067,Hotsinglemom,Nightslayer,Alliance,Mage,Arcane,Gnome,2149,1051,43,20,68
EU,2v2,65780308,Smashen,Spineshatter,Horde,Shaman,Restoration,Orc,2144,2100,104,76,58
EU,5v5,54417910,Itsmäxim,Spineshatter,Horde,Rogue,Subtlety,Undead,2143,1361,145,128,53
US,3v3,78453805,Lustñbust,Nightslayer,Horde,Shaman,Restoration,Orc,2143,716,171,127,57
US,5v5,59807254,Hgx,Nightslayer,Horde,Hunter,Beast Mastery,Orc,2142,1064,58,33,64
US,3v3,64450967,Yellowhat,Nightslayer,Alliance,Rogue,Subtlety,Human,2139,733,228,174,57
US,5v5,74003518,Wuwuwemon,Nightslayer,Alliance,Shaman,Elemental,Draenei,2139,1070,79,39,67
EU,2v2,59335686,Lerilla,Spineshatter,Alliance,Rogue,Subtlety,Human,2138,2148,93,66,58
EU,3v3,59681791,Xiaomingo,Spineshatter,Alliance,Mage,Frost,Gnome,2138,926,154,161,49
US,3v3,69420723,Kazeswd,Nightslayer,Horde,Priest,Discipline,Undead,2137,749,109,96,53
US,2v2,64144568,Anphel,Nightslayer,Alliance,Mage,Frost,Human,2136,1280,240,210,53
US,5v5,77729059,Pizazza,Nightslayer,Alliance,Priest,Discipline,Dwarf,2127,1099,202,127,61
US,5v5,79382277,Yunshoota,Nightslayer,Alliance,Shaman,Elemental,Draenei,2121,1126,71,45,61
US,5v5,74199931,Numberonex,Nightslayer,Horde,,,,2115,1150,287,127,69
US,3v3,77465379,Singa,Nightslayer,Alliance,Priest,Discipline,Dwarf,2112,832,40,29,58
US,5v5,79572372,Devilsdance,Nightslayer,Alliance,Warrior,Arms,Dwarf,2112,1166,51,27,65
EU,2v2,54119729,Bæsjemus,Spineshatter,Alliance,Warlock,Destruction,Human,2110,2426,116,100,54
EU,5v5,45035270,Karthak,Spineshatter,Horde,Shaman,Enhancement,Orc,2109,1544,136,131,51
EU,2v2,58955644,Mihawkina,Spineshatter,Alliance,Rogue,Subtlety,Human,2105,2489,102,86,54
US,5v5,78551252,Kinkysblue,Nightslayer,Horde,Shaman,Enhancement,Orc,2103,1207,249,188,57
US,5v5,44630928,Skatjay,Dreamscythe,Alliance,Druid,Restoration,Night Elf,2101,1217,65,53,55
US,3v3,70179305,Snotspill,Nightslayer,Horde,Rogue,Subtlety,Undead,2100,883,64,50,56
EU,5v5,56340652,Sîggzýø,Spineshatter,Alliance,Paladin,Retribution,Human,2097,1656,119,107,53
US,5v5,51720821,Dummydummys,Dreamscythe,Alliance,Priest,Holy,Human,2096,1233,168,133,56
EU,5v5,53793605,Jonesz,Spineshatter,Alliance,Mage,Frost,Human,2095,1678,99,83,54
EU,2v2,84909999,Kukuna,Thunderstrike,Alliance,Mage,Arcane,Gnome,2094,2628,312,232,57
US,5v5,55866927,Babun,Nightslayer,Alliance,Mage,Frost,Gnome,2090,1258,49,10,83
US,5v5,59255925,Tektiny,Nightslayer,Alliance,Warrior,Fury,Human,2085,1285,73,52,58
US,5v5,73385188,Tekret,Nightslayer,Alliance,Paladin,Retribution,Human,2084,1296,66,51,56
US,5v5,54696397,Luckydummys,Dreamscythe,Alliance,Shaman,Restoration,Draenei,2079,1325,48,45,52
EU,2v2,60186644,Patinsø,Spineshatter,Horde,Druid,Restoration,Tauren,2076,2784,162,198,45
US,3v3,69131927,Kyojinsan,Dreamscythe,Horde,Mage,Arcane,Undead,2075,996,233,151,61
US,5v5,79299283,Bfzsucks,Nightslayer,Horde,Druid,Restoration,Tauren,2073,1378,68,43,61
EU,3v3,53929442,Anårion,Spineshatter,Alliance,Warrior,Arms,Human,2071,1303,62,39,61
US,5v5,72982821,Borachan,Nightslayer,Alliance,Warlock,Demonology,Human,2069,1411,68,41,62
EU,2v2,57518691,Ebychislychi,Spineshatter,Horde,Rogue,Subtlety,Undead,2058,2991,43,20,68
EU,2v2,57027646,Tupil,Spineshatter,Alliance,Warrior,Arms,Human,2056,3013,49,38,56
US,5v5,77641066,Wfbotx,Nightslayer,Alliance,Shaman,Restoration,Draenei,2056,1516,32,24,57
US,5v5,74065654,Pillarbrain,Nightslayer,Horde,Shaman,Elemental,Orc,2049,1583,157,82,66
EU,5v5,59297871,Maneek,Spineshatter,Horde,Hunter,Beast Mastery,Orc,2048,2120,74,53,58
US,3v3,60156064,Hiddenmirror,Nightslayer,Horde,Rogue,Subtlety,Undead,2048,1145,253,205,55
EU,2v2,57517056,Lerja,Spineshatter,Horde,Druid,Restoration,Tauren,2047,3117,97,75,56
US,5v5,74301049,Mxmlx,Nightslayer,Alliance,Paladin,Retribution,Human,2047,1605,60,28,68
US,2v2,66183972,Erikweisz,Nightslayer,Horde,Rogue,Subtlety,Undead,2045,1833,103,85,55
US,2v2,66827636,Kazexdd,Nightslayer,Horde,Druid,Restoration,Tauren,2045,1833,222,199,53
US,5v5,61803762,Shamannx,Nightslayer,Horde,Shaman,Enhancement,Tauren,2045,1623,125,101,55
US,5v5,78259911,Hexsham,Nightslayer,Horde,Shaman,Enhancement,Troll,2044,1640,76,58,57
EU,2v2,65756960,Allydeadin,Spineshatter,Alliance,Paladin,Holy,Dwarf,2036,3279,338,300,53
EU,5v5,55781821,Os,Spineshatter,Alliance,Shaman,Restoration,Draenei,2031,2359,56,39,59
EU,3v3,81752750,Otrokina,Thunderstrike,Horde,Warlock,Demonology,Orc,2027,1656,169,84,67
US,5v5,74202610,Jibjobjruid,Nightslayer,Horde,Druid,Restoration,Tauren,2024,1872,212,100,68
US,5v5,78010054,Bøømer,Nightslayer,Horde,Warrior,Arms,Orc,2023,1887,110,84,57
EU,2v2,57437608,Shookone,Spineshatter,Alliance,Warrior,Arms,Dwarf,2020,3538,85,71,54
US,5v5,70252188,Shamanntha,Nightslayer,Horde,Warrior,Arms,Orc,2017,1999,105,90,54
US,5v5,70357005,Nuca,Nightslayer,Alliance,Priest,Discipline,Human,2016,2035,153,121,56
EU,2v2,55570969,Schaumamal,Spineshatter,Alliance,Warrior,Arms,Gnome,2015,3668,80,85,48
US,5v5,72928167,Stinkeeboi,Nightslayer,Alliance,Shaman,Restoration,Draenei,2015,2060,69,49,58
EU,2v2,54087379,Pidgetmôrn,Spineshatter,Alliance,Mage,Frost,Gnome,2014,3700,111,97,53
EU,3v3,52119558,Kimurä,Spineshatter,Horde,Warlock,Demonology,Undead,2009,1849,62,51,55
US,2v2,78453165,Wolfraud,Nightslayer,Alliance,Warrior,Arms,Gnome,2006,2296,77,60,56
US,3v3,79123684,Mogginonyah,Nightslayer,Horde,Shaman,Restoration,Orc,2006,1489,139,127,52
US,5v5,77950903,Jayspark,Nightslayer,Horde,Shaman,Elemental,Orc,2004,2308,215,212,50
EU,5v5,51327348,Spreadyx,Thunderstrike,Alliance,Warrior,Fury,Gnome,2003,3054,105,86,55
US,5v5,79824819,Twotontruck,Nightslayer,Horde,Mage,Frost,Undead,2003,2337,75,50,60
US,2v2,77287246,Shawdydee,Nightslayer,Horde,Warlock,Demonology,Orc,2002,2402,94,86,52
EU,5v5,57202731,Raghul,Spineshatter,Horde,Warrior,Arms,Orc,2001,3118,70,65,52
US,2v2,53889978,Tonzofstunz,Nightslayer,Horde,Rogue,Subtlety,Undead,2000,2457,90,64,58
US,3v3,76439080,Neverxresist,Nightslayer,Horde,Rogue,Subtlety,Undead,1998,1592,38,20,66
US,2v2,76627425,Itsmebuu,Nightslayer,Horde,Priest,Discipline,Undead,1997,2510,74,64,54
US,3v3,78196671,Notmiami,Nightslayer,Alliance,Warlock,Demonology,Human,1996,1609,289,258,53
US,5v5,72959655,Hevn,Nightslayer,Alliance,Shaman,Restoration,Draenei,1990,2513,196,173,53
EU,5v5,65977303,Espressø,Spineshatter,Horde,Priest,Discipline,Undead,1989,3365,185,159,54
EU,5v5,55760872,Furythoridal,Spineshatter,Horde,Hunter,Beast Mastery,Troll,1989,3365,61,46,57
EU,2v2,62994696,Gydwnie,Spineshatter,Horde,Druid,Restoration,Tauren,1986,4399,137,114,55
EU,3v3,57577346,Vieilorc,Spineshatter,Horde,Warlock,Demonology,Orc,1985,2148,29,15,66
US,3v3,74316945,Kaidezx,Nightslayer,Alliance,Rogue,Subtlety,Human,1984,1673,76,55,58
US,3v3,69900303,Vivaud,Nightslayer,Horde,Rogue,Subtlety,Undead,1979,1708,152,130,54
US,2v2,61629066,Armbarrw,Nightslayer,Horde,Warrior,Fury,Orc,1978,2691,167,146,53
US,5v5,64630822,Onetontruck,Nightslayer,Horde,Mage,Arcane,Undead,1976,2713,167,158,51
US,2v2,70484649,Inoj,Nightslayer,Horde,Warlock,Demonology,Orc,1975,2718,138,91,60
US,5v5,65496562,Overhealer,Nightslayer,Horde,Shaman,Elemental,Orc,1972,2771,122,100,55
US,5v5,78378539,Koreanbros,Nightslayer,Alliance,Paladin,Protection,Human,1971,2788,171,155,52
US,5v5,73016957,Harddad,Nightslayer,Horde,Warrior,Fury,Orc,1971,2788,75,66,53
US,5v5,101642681,Kinkyssham,Dreamscythe,Horde,Shaman,Enhancement,Orc,1970,2812,115,68,63
EU,5v5,45171868,Selenachain,Spineshatter,Horde,Shaman,Enhancement,Troll,1968,3784,86,61,59
US,5v5,46774697,Skatjaymd,Dreamscythe,Alliance,Priest,Discipline,Human,1968,2844,97,56,63
EU,2v2,58955677,Warkaglaive,Spineshatter,Alliance,Warrior,Fury,Human,1965,4650,37,24,61
US,5v5,57873277,Simbaähunter,Nightslayer,Alliance,Hunter,Survival,Dwarf,1964,2901,161,149,52
US,5v5,77885369,Thenormm,Nightslayer,Horde,Shaman,Restoration,Orc,1963,2914,347,290,54
US,5v5,48978443,Wuupaw,Dreamscythe,Alliance,Druid,Feral Combat,Night Elf,1961,2935,47,26,64
US,5v5,78633549,Innôcent,Nightslayer,Alliance,Paladin,Protection,Human,1961,2935,125,92,58
EU,5v5,50173549,Fishroll,Spineshatter,Horde,Hunter,Beast Mastery,Orc,1958,4012,32,17,65
US,3v3,80274760,Brainlocked,Nightslayer,Horde,Mage,Frost,Undead,1958,1878,53,31,63
US,3v3,72225768,Murderyou,Nightslayer,Horde,Rogue,Subtlety,Undead,1956,1905,23,18,56
EU,2v2,54274616,Hordedadin,Spineshatter,Horde,Paladin,Holy,Blood Elf,1948,4874,621,613,50
EU,2v2,47213255,Rezik,Spineshatter,Alliance,Hunter,Survival,Dwarf,1945,4914,31,13,70
US,5v5,68380131,Petco,Nightslayer,Alliance,Hunter,Beast Mastery,Dwarf,1943,3213,172,175,50
US,5v5,74631209,Houseofbeef,Nightslayer,Horde,Druid,Balance,Tauren,1942,3234,76,63,55
US,5v5,47802056,Wuup,Dreamscythe,Alliance,Paladin,Protection,Human,1942,3234,49,21,70
EU,2v2,42662940,Maringshamy,Spineshatter,Horde,Shaman,Restoration,Tauren,1941,4985,196,171,53
EU,5v5,53106274,Thegreât,Spineshatter,Horde,Mage,Frost,Undead,1938,4498,171,161,52
US,2v2,56313297,Ogogrtd,Nightslayer,Alliance,Mage,Frost,Gnome,1935,3078,53,39,58
US,3v3,78857961,Treevillage,Nightslayer,Alliance,Druid,Restoration,Night Elf,1935,2155,45,27,62
US,3v3,76119143,Vivadruid,Nightslayer,Horde,Druid,Restoration,Tauren,1932,2193,192,149,56
US,5v5,66016870,Petnovagodx,Nightslayer,Horde,Mage,Frost,Undead,1932,3440,77,53,59
US,5v5,78132653,Pureshadow,Nightslayer,Horde,Priest,Discipline,Undead,1932,3440,163,119,58
US,5v5,79385824,Ishiyama,Nightslayer,Alliance,Mage,Frost,Gnome,1931,3461,30,12,71
US,5v5,77557330,Shamanngela,Nightslayer,Horde,Shaman,Restoration,Troll,1927,3543,177,145,55
EU,5v5,47603104,Virusibuen,Spineshatter,Horde,Hunter,Beast Mastery,Troll,1925,4833,119,120,50
US,5v5,69236064,Juansfanclub,Nightslayer,Horde,Druid,Feral Combat,Tauren,1923,3633,85,66,56
US,3v3,79002671,Thiccshivx,Nightslayer,Alliance,Rogue,Subtlety,Human,1922,2320,26,8,76
US,5v5,62730841,Jackwl,Nightslayer,Horde,Warrior,Fury,Orc,1921,3680,31,19,62
US,5v5,78576957,Skïds,Nightslayer,Alliance,Priest,Discipline,Dwarf,1921,3680,54,24,69
US,5v5,55454053,Gladtacosham,Dreamscythe,Horde,Shaman,Restoration,Tauren,1920,3706,107,98,52
US,3v3,78512231,Uncleboof,Nightslayer,Alliance,Paladin,Retribution,Dwarf,1919,2346,57,38,60
US,5v5,77294524,Murflol,Nightslayer,Alliance,Hunter,Beast Mastery,Draenei,1912,3916,134,102,57
US,5v5,48463436,Qooti,Dreamscythe,Alliance,Warrior,Arms,Gnome,1910,3982,355,257,58
US,5v5,55533329,Sogouti,Dreamscythe,Alliance,Druid,Restoration,Night Elf,1910,3982,353,256,58
US,2v2,73003838,Bearizzi,Nightslayer,Horde,Druid,Restoration,Tauren,1909,3341,213,205,51
US,3v3,78005497,Sers,Nightslayer,Horde,Mage,Frost,Troll,1907,2495,46,32,59
US,5v5,74530313,Mìlkdeez,Nightslayer,Horde,Druid,Balance,Tauren,1907,4049,89,61,59
US,5v5,74782123,Shaqlolz,Nightslayer,Alliance,Priest,Discipline,Dwarf,1907,4049,85,63,57
US,5v5,73016426,Tekrett,Nightslayer,Horde,Paladin,Retribution,Blood Elf,1905,4098,44,22,67
US,5v5,74038233,Sere,Nightslayer,Horde,Paladin,Holy,Blood Elf,1905,4098,71,45,61
US,2v2,53904516,ßiddys,Nightslayer,Alliance,Warrior,Arms,Human,1894,3545,547,558,50
US,5v5,78052426,Sÿlvariné,Nightslayer,Alliance,Priest,Holy,Human,1894,4396,120,104,54
US,5v5,79055016,Yourkidsdad,Nightslayer,Horde,Warrior,Arms,Orc,1890,4511,39,29,57
US,5v5,72893222,Moey,Nightslayer,Horde,Paladin,Holy,Blood Elf,1890,4511,102,83,55
US,3v3,66483723,Ggparadox,Nightslayer,Alliance,Mage,Frost,Gnome,1889,2702,87,81,52
US,3v3,77278183,Terryistoxic,Nightslayer,Horde,Warrior,Arms,Orc,1889,2702,92,93,50
US,3v3,78150863,Malisima,Nightslayer,Alliance,Rogue,Subtlety,Human,1884,2766,33,19,63
US,5v5,74419582,Crazystylex,Nightslayer,Alliance,Warrior,Arms,Gnome,1882,4729,27,19,59
US,5v5,72863632,Mommygoat,Nightslayer,Alliance,Shaman,Restoration,Draenei,1882,4729,39,27,59
US,5v5,77950863,Babysharkman,Nightslayer,Horde,Warrior,Arms,Orc,1881,4770,94,78,55
US,5v5,66468161,Sfgriefer,Nightslayer,Alliance,Mage,Frost,Gnome,1880,4804,49,39,56
US,5v5,78085733,Mácanuo,Nightslayer,Horde,Shaman,Restoration,Tauren,1880,4804,295,286,51
US,5v5,72564394,Yuhm,Nightslayer,Alliance,Druid,Restoration,Night Elf,1878,4873,25,15,62
US,5v5,76930155,Gìxmage,Nightslayer,Horde,Mage,Arcane,Troll,1876,4931,35,31,53
US,2v2,74284748,Vivapally,Nightslayer,Horde,Paladin,Retribution,Blood Elf,1873,3798,45,40,53
US,2v2,78577645,Shivgodx,Nightslayer,Alliance,Rogue,Combat,Human,1872,3805,50,35,59
US,2v2,44947558,Gladtaco,Dreamscythe,Horde,Warrior,Arms,Orc,1869,3834,276,272,50
US,2v2,77857441,Awesomename,Nightslayer,Horde,Warrior,Arms,Orc,1859,3956,64,64,50
US,2v2,56263635,Flybynyte,Nightslayer,Alliance,Rogue,Subtlety,Human,1857,3982,144,118,55
US,2v2,78687482,Wfbopxxd,Nightslayer,Horde,Shaman,Restoration,Orc,1843,4197,46,40,53
EU,3v3,42795921,Ramzo,Spineshatter,Horde,Shaman,Restoration,Orc,1829,4473,56,44,56
US,2v2,74153476,Ches,Nightslayer,Alliance,Priest,Discipline,Dwarf,1827,4474,20,11,65
EU,3v3,58175171,Mekitburnx,Spineshatter,Horde,Priest,Discipline,Undead,1825,4550,78,63,55
EU,3v3,55913464,Enjoytheheal,Spineshatter,Horde,Priest,Discipline,Undead,1824,4577,157,142,53
US,3v3,67370938,Tønz,Nightslayer,Horde,Hunter,Beast Mastery,Orc,1814,3906,69,64,52
US,3v3,70979170,Whoslogging,Nightslayer,Horde,Druid,Feral Combat,Tauren,1810,3986,17,10,63
US,3v3,77890115,Dismlx,Nightslayer,Alliance,Druid,Restoration,Night Elf,1809,4002,21,15,58
US,3v3,64684973,Laisa,Nightslayer,Alliance,Warlock,Demonology,Human,1799,4195,27,22,55
US,3v3,79065319,Jacked,Nightslayer,Horde,Warrior,Arms,Orc,1778,4623,60,59,50
US,3v3,78538108,Xsrøv,Nightslayer,Alliance,Priest,Discipline,Dwarf,1768,4861,77,53,59
